LAB Distance (μm),LAB Intensity (cnts),Matt Distance (μm),Matt Intensity (cnts)
0.0,84.0,0.0,0.0
3.69,73.0,2.6710505252626313,0.0
7.38,81.0,5.342101050525263,0.0
11.07,81.0,8.013151575787894,0.0
14.76,72.0,10.684202101050525,3.0041037305007826e-19
18.45,76.0,13.355252626313156,0.0
22.14,83.0,16.02630315157579,0.0
25.83,77.0,18.69735367683842,0.0
29.52,78.0,21.36840420210105,1.8707751373258333e-19
33.21,77.0,24.039454727363683,0.0
36.9,84.0,26.710505252626312,0.0
40.59,82.0,29.381555777888945,0.0
44.28,70.0,32.05260630315158,6.684482808000005e-18
47.97,80.0,34.72365682841421,0.0
51.66,79.0,37.39470735367684,0.0
55.35,76.0,40.06575787893947,0.0
59.04,74.0,42.7368084042021,0.0
62.73,80.0,45.40785892946474,0.0
66.42,78.0,48.078909454727366,0.0
70.11,80.0,50.74995997999,0.0
73.8,79.0,53.421010505252625,2.151879977674039e-18
77.49,76.0,56.09206103051526,0.0
81.18,81.0,58.76311155577789,0.0
84.87,80.0,61.434162081040526,0.0
88.56,78.0,64.10521260630316,2.8619042069315463e-19
92.25,81.0,66.77626313156578,0.0
95.94,77.0,69.44731365682841,0.0
99.63,78.0,72.11836418209104,0.0
103.32,79.0,74.78941470735369,3.252306261743978e-17
107.01,83.0,77.46046523261631,0.0
110.7,80.0,80.13151575787894,0.0
114.39,80.0,82.80256628314157,0.0
118.08,82.0,85.4736168084042,0.0
121.77,74.0,88.14466733366685,0.0
125.46,80.0,90.81571785892947,0.0
129.15,84.0,93.4867683841921,0.0
132.84,80.0,96.15781890945473,6.434373822271482e-18
136.53,78.0,98.82886943471736,0.0
140.22,73.0,101.49991995998,0.0
143.91,82.0,104.17097048524263,0.0
147.6,77.0,106.84202101050525,0.0
151.29,78.0,109.51307153576788,0.0
154.98,80.0,112.18412206103052,0.0
158.67,78.0,114.85517258629315,0.0
162.36,86.0,117.52622311155578,2.520745764802111e-17
166.05,83.0,120.19727363681841,0.0
169.74,82.0,122.86832416208105,0.0
173.43,75.0,125.53937468734368,0.0
177.12,77.0,128.2104252126063,0.0
180.81,71.0,130.88147573786893,0.0
184.5,81.0,133.55252626313157,0.0
188.19,79.0,136.2235767883942,0.0
191.88,78.0,138.89462731365683,8.720867279161728e-18
195.57,74.0,141.56567783891947,0.0
199.26,82.0,144.23672836418208,0.0
202.95,74.0,146.90777888944473,0.0
206.64,75.0,149.57882941470737,2.8800666015811265e-19
210.33,76.0,152.24987993997,0.0
214.02,78.0,154.92093046523263,0.0
217.71,80.0,157.59198099049527,0.0
221.4,81.0,160.2630315157579,2.1515784110941387e-16
225.09,80.0,162.93408204102053,0.0
228.78,74.0,165.60513256628315,0.0
232.47,75.0,168.27618309154576,0.0
236.16,83.0,170.9472336168084,0.0
239.85,79.0,173.61828414207102,0.0
243.54,75.0,176.2893346673337,0.0
247.23,80.0,178.96038519259633,0.0
250.92,78.0,181.63143571785895,4.498648412000382e-18
254.61,78.0,184.30248624312156,0.0
258.3,81.0,186.9735367683842,0.0
261.99,76.0,189.64458729364682,0.0
265.68,81.0,192.31563781890947,1.894610559812378e-19
269.37,77.0,194.98668834417208,0.0
273.06,81.0,197.65773886943472,0.0
276.75,82.0,200.32878939469737,0.0
280.44,81.0,202.99983991996,3.877695134681258e-17
284.13,84.0,205.67089044522262,0.0
287.82,82.0,208.34194097048527,0.0
291.51,73.0,211.01299149574788,0.0
295.2,79.0,213.6840420210105,0.0
298.89,83.0,216.35509254627314,0.0
302.58,75.0,219.02614307153576,0.0
306.27,84.0,221.69719359679843,0.0
309.96,79.0,224.36824412206104,6.984743988965848e-17
313.65,76.0,227.0392946473237,0.0
317.34,79.0,229.7103451725863,0.0
321.03,74.0,232.38139569784894,0.0
324.72,76.0,235.05244622311156,1.9066802767315745e-19
328.41,81.0,237.7234967483742,0.0
332.1,72.0,240.39454727363682,0.0
335.79,81.0,243.06559779889946,0.0
339.48,80.0,245.7366483241621,2.4509704210407556e-17
343.17,84.0,248.40769884942475,0.0
346.86,82.0,251.07874937468736,0.0
350.55,80.0,253.74979989995,0.0
354.24,80.0,256.4208504252126,0.0
357.93,77.0,259.09190095047524,0.0
361.62,77.0,261.76295147573785,0.0
365.31,83.0,264.4340020010005,0.0
369.0,78.0,267.10505252626314,2.1175823681357508e-16
372.69,81.0,269.7761030515258,0.0
376.38,78.0,272.4471535767884,0.0
380.07,78.0,275.11820410205104,0.0
383.76,78.0,277.78925462731365,2.935484789804729e-19
387.45,83.0,280.4603051525763,0.0
391.14,75.0,283.13135567783894,0.0
394.83,82.0,285.80240620310155,0.0
398.52,80.0,288.47345672836417,5.205265242139825e-17
402.21,86.0,291.1445072536268,0.0
405.9,78.0,293.81555777888946,0.0
409.59,76.0,296.4866083041521,0.0
413.28,80.0,299.15765882941474,0.0
416.97,78.0,301.82870935467736,0.0
420.66,82.0,304.49975987994,0.0
424.35,77.0,307.1708104052026,0.0
428.04,82.0,309.84186093046526,4.5740510235773736e-17
431.73,76.0,312.5129114557279,0.0
435.42,75.0,315.18396198099055,0.0
439.11,79.0,317.85501250625316,0.0
442.8,78.0,320.5260630315158,0.0
446.49,77.0,323.1971135567784,0.0
450.18,80.0,325.86816408204106,0.0
453.87,89.0,328.5392146073037,0.0
457.56,89.0,331.2102651325663,1.2283511257688866e-18
461.25,82.0,333.88131565782896,0.0
464.94,84.0,336.5523661830915,0.0
468.63,80.0,339.2234167083542,0.0
472.32,82.0,341.8944672336168,0.0
476.01,75.0,344.5655177588795,0.0
479.7,79.0,347.23656828414204,0.0
483.39,83.0,349.9076188094047,0.0
487.08,83.0,352.5786693346674,9.478034912591132e-18
490.77,87.0,355.24971985993,0.0
494.46,72.0,357.92077038519267,0.0
498.15,81.0,360.5918209104552,0.0
501.84,78.0,363.2628714357179,2.9923352663605836e-19
505.53,80.0,365.9339219609805,0.0
509.22,83.0,368.6049724862431,0.0
512.91,85.0,371.27602301150574,0.0
516.6,82.0,373.9470735367684,1.2528467107873697e-16
520.29,85.0,376.6181240620311,0.0
523.98,82.0,379.28917458729364,0.0
527.67,80.0,381.9602251125563,0.0
531.36,76.0,384.63127563781893,0.0
535.05,71.0,387.3023261630816,0.0
538.74,77.0,389.97337668834416,0.0
542.43,77.0,392.64442721360683,0.0
546.12,85.0,395.31547773886945,3.0286977805086276e-18
549.81,77.0,397.98652826413206,0.0
553.5,72.0,400.65757878939473,0.0
557.19,77.0,403.32862931465735,0.0
560.88,79.0,405.99967983992,1.9812972024164258e-19
564.57,78.0,408.6707303651826,0.0
568.26,74.0,411.34178089044525,0.0
571.95,79.0,414.01283141570786,0.0
575.64,85.0,416.68388194097054,1.8543557659155203e-18
579.33,80.0,419.3549324662331,0.0
583.02,75.0,422.02598299149577,0.0
586.71,76.0,424.69703351675844,0.0
590.4,75.0,427.368084042021,0.0
594.09,78.0,430.03913456728367,0.0
597.78,81.0,432.7101850925463,0.0
601.47,88.0,435.38123561780895,0.0
605.16,82.0,438.0522861430715,3.632486886837677e-18
608.85,78.0,440.7233366683342,0.0
612.54,81.0,443.39438719359686,0.0
616.23,78.0,446.06543771885947,0.0
619.92,77.0,448.7364882441221,2.0070349614732797e-19
623.61,81.0,451.4075387693847,0.0
627.3,77.0,454.0785892946474,0.0
630.99,75.0,456.74963981990993,0.0
634.68,76.0,459.4206903451726,2.5443235441213075e-18
638.37,78.0,462.0917408704352,0.0
642.06,78.0,464.7627913956979,0.0
645.75,82.0,467.43384192096056,0.0
649.44,84.0,470.1048924462231,0.0
653.13,82.0,472.7759429714858,0.0
656.82,87.0,475.4469934967484,0.0
660.51,77.0,478.1180440220111,0.0
664.2,80.0,480.78909454727363,9.082574018776307e-17
667.89,74.0,483.4601450725363,0.0
671.58,81.0,486.1311955977989,0.0
675.27,83.0,488.80224612306154,0.0
678.96,82.0,491.4732966483242,3.110525300302641e-19
682.65,83.0,494.1443471735868,0.0
686.34,80.0,496.8153976988495,0.0
690.03,79.0,499.48644822411205,0.0
693.72,76.0,502.1574987493747,4.062869145005403e-18
697.41,78.0,504.82854927463734,0.0
701.1,80.0,507.4995997999,0.0
704.79,79.0,510.17065032516257,0.0
708.48,78.0,512.8417008504252,0.0
712.17,85.0,515.5127513756879,0.0
715.86,82.0,518.1838019009505,0.0
719.55,78.0,520.8548524262131,0.0
723.24,81.0,523.5259029514757,1.3138065960753246e-18
726.93,74.0,526.1969534767384,0.0
730.62,85.0,528.868004002001,0.0
734.31,81.0,531.5390545272637,0.0
738.0,79.0,534.2101050525263,0.0
741.69,80.0,536.881155577789,0.0
745.38,75.0,539.5522061030516,0.0
749.07,80.0,542.2232566283142,0.0
752.76,88.0,544.8943071535768,2.86491929260258e-18
756.45,81.0,547.5653576788394,0.0
760.14,84.0,550.2364082041021,0.0
763.83,77.0,552.9074587293646,0.0
767.52,74.0,555.5785092546273,0.0
771.21,78.0,558.24955977989,0.0
774.9,75.0,560.9206103051526,0.0
778.59,78.0,563.5916608304153,0.0
782.28,77.0,566.2627113556779,3.320714340420409e-17
785.97,74.0,568.9337618809406,0.0
789.66,72.0,571.6048124062031,0.0
793.35,81.0,574.2758629314658,0.0
797.04,77.0,576.9469134567283,3.213831102031507e-19
800.73,78.0,579.617963981991,0.0
804.42,80.0,582.2890145072536,0.0
808.11,82.0,584.9600650325162,0.0
811.8,79.0,587.6311155577789,4.1749572336116246e-17
815.49,81.0,590.3021660830416,0.0
819.18,85.0,592.9732166083043,0.0
822.87,77.0,595.6442671335668,0.0
826.56,78.0,598.3153176588295,0.0
830.25,74.0,600.986368184092,0.0
833.94,77.0,603.6574187093547,0.0
837.63,77.0,606.3284692346174,0.0
841.32,81.0,608.99951975988,4.6779707518495537e-17
845.01,86.0,611.6705702851426,0.0
848.7,76.0,614.3416208104052,0.0
852.39,75.0,617.0126713356678,0.0
856.08,79.0,619.6837218609305,2.1426606925549575e-19
859.77,75.0,622.3547723861932,0.0
863.46,71.0,625.0258229114557,0.0
867.15,84.0,627.6968734367184,0.0
870.84,81.0,630.3679239619811,2.5697170155100274e-18
874.53,83.0,633.0389744872436,0.0
878.22,74.0,635.7100250125063,0.0
881.91,73.0,638.3810755377689,0.0
885.6,74.0,641.0521260630316,0.0
889.29,75.0,643.7231765882941,0.0
892.98,89.0,646.3942271135568,0.0
896.67,66.0,649.0652776388195,0.0
900.36,83.0,651.7363281640821,6.5099870974083576e-18
904.05,77.0,654.4073786893448,0.0
907.74,77.0,657.0784292146074,0.0
911.43,81.0,659.74947973987,0.0
915.12,80.0,662.4205302651326,2.1857326806733697e-19
918.81,88.0,665.0915807903953,0.0
922.5,78.0,667.7626313156579,0.0
926.19,75.0,670.4336818409205,0.0
929.88,76.0,673.104732366183,4.971634009246946e-18
933.57,79.0,675.7757828914457,0.0
937.26,73.0,678.4468334167084,0.0
940.95,85.0,681.1178839419711,0.0
944.64,78.0,683.7889344672336,0.0
948.33,80.0,686.4599849924963,0.0
952.02,72.0,689.131035517759,0.0
955.71,84.0,691.8020860430215,0.0
959.4,78.0,694.4731365682841,4.135946883523861e-17
963.09,83.0,697.1441870935469,0.0
966.78,80.0,699.8152376188094,0.0
970.47,84.0,702.486288144072,0.0
974.16,76.0,705.1573386693348,3.411666882460846e-19
977.85,76.0,707.8283891945973,0.0
981.54,83.0,710.49943971986,0.0
985.23,82.0,713.1704902451226,0.0
988.92,74.0,715.8415407703853,1.4583973146471016e-17
992.61,80.0,718.5125912956479,0.0
996.3,82.0,721.1836418209105,0.0
999.99,78.0,723.8546923461732,0.0
1003.68,82.0,726.5257428714358,0.0
1007.37,86.0,729.1967933966984,0.0
1011.06,83.0,731.867843921961,0.0
1014.75,75.0,734.5388944472237,0.0
1018.44,78.0,737.2099449724863,3.4355026767951157e-17
1022.13,78.0,739.8809954977489,0.0
1025.82,76.0,742.5520460230115,0.0
1029.51,85.0,745.2230965482743,0.0
1033.2,78.0,747.8941470735368,0.0
1036.89,79.0,750.5651975987994,0.0
1040.58,75.0,753.2362481240622,0.0
1044.27,81.0,755.9072986493247,0.0
1047.96,83.0,758.5783491745873,3.2183587933637512e-18
1051.65,75.0,761.24939969985,0.0
1055.34,76.0,763.9204502251126,0.0
1059.03,82.0,766.5915007503752,0.0
1062.72,75.0,769.2625512756379,0.0
1066.41,80.0,771.9336018009005,0.0
1070.1,79.0,774.6046523261632,0.0
1073.79,81.0,777.2757028514258,0.0
1077.48,81.0,779.9467533766883,1.2239881430747581e-19
1081.17,79.0,782.6178039019511,0.0
1084.86,74.0,785.2888544272137,0.0
1088.55,83.0,787.9599049524762,0.0
1092.24,75.0,790.6309554777389,3.5769820603662837e-19
1095.93,75.0,793.3020060030016,0.0
1099.62,77.0,795.9730565282641,0.0
1103.31,75.0,798.6441070535268,0.0
1107.0,79.0,801.3151575787895,3.838118042246049e-16
1110.69,75.0,803.9862081040521,0.0
1114.38,83.0,806.6572586293147,0.0
1118.07,76.0,809.3283091545773,0.0
1121.76,79.0,811.99935967984,0.0
1125.45,83.0,814.6704102051026,0.0
1129.14,82.0,817.3414607303652,0.0
1132.83,75.0,820.0125112556279,0.0
1136.52,83.0,822.6835617808905,2.8191794196736066e-18
1140.21,77.0,825.3546123061531,0.0
1143.9,84.0,828.0256628314157,0.0
1147.59,79.0,830.6967133566784,0.0
1151.28,78.0,833.3677638819411,2.4028634170873377e-19
1154.97,78.0,836.0388144072036,0.0
1158.66,82.0,838.7098649324662,0.0
1162.35,76.0,841.380915457729,0.0
1166.04,82.0,844.0519659829915,4.922248994959769e-18
1169.73,80.0,846.7230165082541,0.0
1173.42,83.0,849.3940670335169,0.0
1177.11,87.0,852.0651175587794,0.0
1180.8,75.0,854.736168084042,0.0
1184.49,80.0,857.4072186093047,0.0
1188.18,84.0,860.0782691345673,0.0
1191.87,79.0,862.74931965983,0.0
1195.56,78.0,865.4203701850926,3.6527441272413767e-17
1199.25,75.0,868.0914207103552,0.0
1202.94,75.0,870.7624712356179,0.0
1206.63,81.0,873.4335217608805,0.0
1210.32,77.0,876.104572286143,2.470194009313605e-19
1214.01,81.0,878.7756228114058,0.0
1217.7,82.0,881.4466733366684,0.0
1221.39,78.0,884.1177238619309,0.0
1225.08,83.0,886.7887743871937,2.1960872358811122e-18
1228.77,77.0,889.4598249124563,0.0
1232.46,81.0,892.1308754377189,0.0
1236.15,82.0,894.8019259629815,0.0
1239.84,79.0,897.4729764882442,0.0
1243.53,76.0,900.1440270135068,0.0
1247.22,83.0,902.8150775387694,0.0
1250.91,73.0,905.486128064032,0.0
1254.6,81.0,908.1571785892947,1.3708994294533573e-16
1258.29,78.0,910.8282291145573,0.0
1261.98,78.0,913.4992796398199,0.0
1265.67,79.0,916.1703301650826,0.0
1269.36,83.0,918.8413806903452,3.8863549172343374e-19
1273.05,84.0,921.5124312156079,0.0
1276.74,78.0,924.1834817408704,0.0
1280.43,84.0,926.8545322661332,0.0
1284.12,76.0,929.5255827913958,8.679037239403294e-18
1287.81,81.0,932.1966333166583,0.0
1291.5,82.0,934.8676838419211,0.0
1295.19,71.0,937.5387343671837,0.0
1298.88,78.0,940.2097848924462,0.0
1302.57,78.0,942.8808354177089,0.0
1306.26,79.0,945.5518859429716,0.0
1309.95,80.0,948.2229364682341,0.0
1313.64,81.0,950.8939869934968,2.2611667957256186e-18
1317.33,79.0,953.5650375187594,0.0
1321.02,76.0,956.2360880440222,0.0
1324.71,77.0,958.9071385692847,0.0
1328.4,83.0,961.5781890945473,0.0
1332.09,75.0,964.24923961981,0.0
1335.78,73.0,966.9202901450726,0.0
1339.47,78.0,969.5913406703352,0.0
1343.16,77.0,972.2623911955978,3.39522841520968e-19
1346.85,81.0,974.9334417208605,0.0
1350.54,87.0,977.6044922461231,0.0
1354.23,76.0,980.2755427713857,0.0
1357.92,81.0,982.9465932966484,0.0
1361.61,71.0,985.6176438219111,0.0
1365.3,82.0,988.2886943471736,0.0
1368.99,78.0,990.9597448724362,0.0
1372.68,80.0,993.630795397699,1.8345012858310094e-18
1376.37,75.0,996.3018459229615,0.0
1380.06,74.0,998.9728964482241,0.0
1383.75,73.0,1001.6439469734868,0.0
1387.44,81.0,1004.3149974987494,4.1424583667902923e-19
1391.13,80.0,1006.986048024012,0.0
1394.82,88.0,1009.6570985492747,0.0
1398.51,73.0,1012.3281490745374,0.0
1402.2,74.0,1014.9991995998,3.190613699942095e-16
1405.89,80.0,1017.6702501250626,0.0
1409.58,80.0,1020.3413006503251,0.0
1413.27,89.0,1023.0123511755879,0.0
1416.96,79.0,1025.6834017008505,0.0
1420.65,84.0,1028.3544522261132,0.0
1424.34,74.0,1031.0255027513758,0.0
1428.03,80.0,1033.6965532766385,0.0
1431.72,83.0,1036.367603801901,3.648516258609846e-17
1435.41,84.0,1039.0386543271636,0.0
1439.1,71.0,1041.7097048524263,0.0
1442.79,79.0,1044.380755377689,0.0
1446.48,75.0,1047.0518059029514,2.8068011751385658e-19
1450.17,79.0,1049.7228564282143,0.0
1453.86,79.0,1052.3939069534767,0.0
1457.55,92.0,1055.0649574787394,0.0
1461.24,84.0,1057.736008004002,9.024202582422814e-18
1464.93,81.0,1060.4070585292648,0.0
1468.62,77.0,1063.0781090545274,0.0
1472.31,81.0,1065.7491595797899,0.0
1476.0,79.0,1068.4202101050525,0.0
1479.69,85.0,1071.0912606303152,0.0
1483.38,93.0,1073.762311155578,0.0
1487.07,77.0,1076.4333616808403,0.0
1490.76,78.0,1079.1044122061032,9.18814848393294e-18
1494.45,97.0,1081.7754627313657,0.0
1498.14,93.0,1084.4465132566284,0.0
1501.83,100.0,1087.117563781891,0.0
1505.52,87.0,1089.7886143071537,2.911208861277416e-19
1509.21,91.0,1092.4596648324164,0.0
1512.9,89.0,1095.1307153576788,0.0
1516.59,118.0,1097.8017658829417,0.0
1520.28,152.0,1100.4728164082042,1.022870002011549e-17
1523.97,148.0,1103.1438669334668,0.0
1527.66,137.0,1105.8149174587293,0.0
1531.35,101.0,1108.4859679839922,0.0
1535.04,146.0,1111.1570185092546,0.0
1538.73,289.0,1113.8280690345173,0.0
1542.42,614.0,1116.49911955978,0.0
1546.11,1043.0,1119.1701700850426,0.0
1549.8,1453.0,1121.8412206103053,1.0271048498828066e-15
1553.49,1639.0,1124.5122711355677,0.0
1557.18,1605.0,1127.1833216608306,0.0
1560.87,1336.0,1129.854372186093,0.0
1564.56,883.0,1132.5254227113558,4.622468333839637e-19
1568.25,508.0,1135.1964732366182,0.0
1571.94,213.0,1137.867523761881,0.0
1575.63,99.0,1140.5385742871435,0.0
1579.32,101.0,1143.2096248124062,8.389548140939966e-18
1583.01,129.0,1145.880675337669,0.0
1586.7,163.0,1148.5517258629316,0.0
1590.39,132.0,1151.2227763881942,0.0
1594.08,104.0,1153.8938269134567,0.0
1597.77,81.0,1156.5648774387196,0.0
1601.46,81.0,1159.235927963982,0.0
1605.15,94.0,1161.9069784892447,0.0
1608.84,106.0,1164.5780290145071,2.1756756435306508e-17
1612.53,100.0,1167.24907953977,0.0
1616.22,84.0,1169.9201300650325,0.0
1619.91,80.0,1172.5911805902952,0.0
1623.6,85.0,1175.2622311155578,0.0
1627.29,81.0,1177.9332816408205,0.0
1630.98,88.0,1180.6043321660832,0.0
1634.67,85.0,1183.2753826913456,0.0
1638.36,81.0,1185.9464332166085,6.560458444148288e-18
1642.05,82.0,1188.617483741871,0.0
1645.74,84.0,1191.2885342671336,0.0
1649.43,85.0,1193.9595847923963,0.0
1653.12,81.0,1196.630635317659,0.0
1656.81,83.0,1199.3016858429214,0.0
1660.5,85.0,1201.972736368184,0.0
1664.19,81.0,1204.6437868934468,0.0
1667.88,87.0,1207.3148374187094,1.409539345814365e-17
1671.57,81.0,1209.985887943972,0.0
1675.26,81.0,1212.6569384692348,0.0
1678.95,87.0,1215.3279889944974,0.0
1682.64,82.0,1217.99903951976,5.023489394629447e-19
1686.33,78.0,1220.6700900450226,0.0
1690.02,77.0,1223.3411405702852,0.0
1693.71,85.0,1226.012191095548,0.0
1697.4,85.0,1228.6832416208103,3.851664071985863e-18
1701.09,85.0,1231.354292146073,0.0
1704.78,84.0,1234.0253426713357,0.0
1708.47,77.0,1236.6963931965984,0.0
1712.16,81.0,1239.367443721861,0.0
1715.85,80.0,1242.0384942471237,0.0
1719.54,81.0,1244.7095447723864,0.0
1723.23,80.0,1247.3805952976488,0.0
1726.92,81.0,1250.0516458229115,5.2320501032389946e-18
1730.61,83.0,1252.7226963481742,0.0
1734.3,78.0,1255.3937468734368,0.0
1737.99,88.0,1258.0647973986993,0.0
1741.68,84.0,1260.7358479239622,3.4388521846335706e-19
1745.37,83.0,1263.4068984492246,0.0
1749.06,78.0,1266.0779489744873,0.0
1752.75,86.0,1268.74899949975,0.0
1756.44,81.0,1271.4200500250126,1.9344221939333553e-17
1760.13,79.0,1274.0911005502753,0.0
1763.82,84.0,1276.7621510755378,0.0
1767.51,81.0,1279.4332016008004,0.0
1771.2,87.0,1282.104252126063,0.0
1774.89,82.0,1284.7753026513258,0.0
1778.58,84.0,1287.4463531765882,0.0
1782.27,86.0,1290.1174037018511,0.0
1785.96,75.0,1292.7884542271136,9.435405044814903e-17
1789.65,78.0,1295.4595047523762,0.0
1793.34,78.0,1298.130555277639,0.0
1797.03,79.0,1300.8016058029016,0.0
1800.72,83.0,1303.4726563281642,3.605083218759407e-19
1804.41,80.0,1306.1437068534267,0.0
1808.1,76.0,1308.8147573786896,0.0
1811.79,82.0,1311.485807903952,0.0
1815.48,80.0,1314.1568584292147,1.3480241583962103e-17
1819.17,76.0,1316.8279089544772,0.0
1822.86,81.0,1319.49895947974,0.0
1826.55,77.0,1322.1700100050025,0.0
1830.24,86.0,1324.8410605302652,0.0
1833.93,83.0,1327.5121110555278,0.0
1837.62,76.0,1330.1831615807905,0.0
1841.31,78.0,1332.8542121060532,0.0
1845.0,76.0,1335.5252626313159,1.3004999999999998e+17
1848.69,84.0,1338.1963131565783,0.0
1852.38,85.0,1340.867363681841,0.0
1856.07,83.0,1343.5384142071036,0.0
1859.76,79.0,1346.209464732366,5.788414911202199e-19
1863.45,80.0,1348.880515257629,0.0
1867.14,77.0,1351.5515657828914,0.0
1870.83,76.0,1354.222616308154,0.0
1874.52,85.0,1356.8936668334168,6.448615522860374e-18
1878.21,73.0,1359.5647173586792,0.0
1881.9,79.0,1362.2357678839421,0.0
1885.59,76.0,1364.9068184092048,0.0
1889.28,76.0,1367.5778689344672,0.0
1892.97,83.0,1370.24891945973,0.0
1896.66,79.0,1372.9199699849926,0.0
1900.35,85.0,1375.591020510255,0.0
1904.04,82.0,1378.262071035518,9.561983226294437e-17
1907.73,81.0,1380.9331215607806,0.0
1911.42,72.0,1383.604172086043,0.0
1915.11,79.0,1386.2752226113057,0.0
1918.8,75.0,1388.9462731365682,0.0
1922.49,78.0,1391.617323661831,0.0
1926.18,82.0,1394.2883741870937,0.0
1929.87,76.0,1396.9594247123562,0.0
1933.56,76.0,1399.6304752376188,1.1780386438703722e-18
1937.25,76.0,1402.3015257628815,0.0
1940.94,82.0,1404.972576288144,0.0
1944.63,85.0,1407.6436268134069,0.0
1948.32,77.0,1410.3146773386695,0.0
1952.01,80.0,1412.985727863932,0.0
1955.7,77.0,1415.6567783891946,0.0
1959.39,74.0,1418.327828914457,0.0
1963.08,78.0,1420.99887943972,1.068752146457693e-18
1966.77,77.0,1423.6699299649827,0.0
1970.46,80.0,1426.340980490245,0.0
1974.15,75.0,1429.0120310155078,0.0
1977.84,79.0,1431.6830815407707,6.44278712162235e-19
1981.53,77.0,1434.354132066033,0.0
1985.22,81.0,1437.0251825912958,0.0
1988.91,78.0,1439.6962331165585,0.0
1992.6,77.0,1442.367283641821,1.2164770715122084e-16
1996.29,78.0,1445.0383341670836,0.0
1999.98,82.0,1447.7093846923465,0.0
2003.67,84.0,1450.380435217609,0.0
2007.36,77.0,1453.0514857428716,0.0
2011.05,84.0,1455.722536268134,0.0
2014.74,75.0,1458.3935867933967,0.0
2018.43,78.0,1461.0646373186596,0.0
2022.12,82.0,1463.735687843922,4.0277232879073504e-17
2025.81,71.0,1466.4067383691847,0.0
2029.5,88.0,1469.0777888944474,0.0
2033.19,75.0,1471.7488394197098,0.0
2036.88,82.0,1474.4198899449725,4.467548962434446e-19
2040.57,83.0,1477.0909404702354,0.0
2044.26,88.0,1479.7619909954979,0.0
2047.95,81.0,1482.4330415207605,0.0
2051.64,78.0,1485.104092046023,1.1865973747682453e-17
2055.33,76.0,1487.7751425712856,0.0
2059.02,75.0,1490.4461930965485,0.0
2062.71,74.0,1493.117243621811,0.0
2066.4,78.0,1495.7882941470737,0.0
2070.09,81.0,1498.4593446723363,0.0
2073.78,81.0,1501.1303951975988,0.0
2077.47,79.0,1503.8014457228614,0.0
2081.16,82.0,1506.4724962481243,1.428075804782737e-18
2084.85,72.0,1509.1435467733868,0.0
2088.54,80.0,1511.8145972986495,0.0
2092.23,79.0,1514.485647823912,0.0
2095.92,81.0,1517.1566983491746,4.747453322129248e-19
2099.61,81.0,1519.8277488744375,0.0
2103.3,83.0,1522.4987993997,0.0
2106.99,76.0,1525.1698499249626,0.0
2110.68,77.0,1527.8409004502253,5.610229225801058e-18
2114.37,83.0,1530.5119509754877,0.0
2118.06,79.0,1533.1830015007504,0.0
2121.75,77.0,1535.8540520260133,0.0
2125.44,79.0,1538.5251025512757,0.0
2129.13,78.0,1541.1961530765384,0.0
2132.82,80.0,1543.867203601801,0.0
2136.51,83.0,1546.5382541270635,0.0
2140.2,77.0,1549.2093046523264,1.4663293163058276e-16
2143.89,85.0,1551.8803551775889,0.0
2147.58,75.0,1554.5514057028515,0.0
2151.27,75.0,1557.2224562281142,0.0
2154.96,87.0,1559.8935067533766,7.73268183644562e-19
2158.65,84.0,1562.5645572786393,0.0
2162.34,78.0,1565.2356078039022,0.0
2166.03,75.0,1567.9066583291647,0.0
2169.72,81.0,1570.5777088544273,1.2265830736540937e-18
2173.41,77.0,1573.24875937969,0.0
2177.1,69.0,1575.9198099049524,0.0
2180.79,77.0,1578.5908604302153,0.0
2184.48,83.0,1581.2619109554778,0.0
2188.17,78.0,1583.9329614807405,0.0
2191.86,81.0,1586.6040120060031,0.0
2195.55,77.0,1589.2750625312656,0.0
2199.24,86.0,1591.9461130565282,1.467305834435492e-17
2202.93,71.0,1594.6171635817911,0.0
2206.62,80.0,1597.2882141070536,0.0
2210.31,79.0,1599.9592646323163,0.0
2214.0,83.0,1602.630315157579,0.0
2217.69,75.0,1605.3013656828414,0.0
2221.38,84.0,1607.9724162081043,0.0
2225.07,78.0,1610.643466733367,0.0
2228.76,83.0,1613.3145172586294,2.1556006499184612e-19
2232.45,84.0,1615.985567783892,0.0
2236.14,79.0,1618.6566183091545,0.0
2239.83,79.0,1621.3276688344172,0.0
2243.52,76.0,1623.99871935968,0.0
2247.21,84.0,1626.6697698849425,0.0
2250.9,81.0,1629.3408204102052,0.0
2254.59,85.0,1632.0118709354679,0.0
2258.28,81.0,1634.6829214607303,4.6478133110868864e-18
2261.97,82.0,1637.3539719859932,0.0
2265.66,83.0,1640.0250225112559,0.0
2269.35,80.0,1642.6960730365183,0.0
2273.04,75.0,1645.367123561781,8.88095548926395e-19
2276.73,86.0,1648.0381740870434,0.0
2280.42,76.0,1650.7092246123061,0.0
2284.11,80.0,1653.380275137569,0.0
2287.8,80.0,1656.0513256628315,3.43510440187623e-17
2291.49,79.0,1658.7223761880941,0.0
2295.18,76.0,1661.3934267133568,0.0
2298.87,79.0,1664.0644772386192,0.0
2302.56,81.0,1666.7355277638821,0.0
2306.25,85.0,1669.4065782891448,0.0
2309.94,80.0,1672.0776288144073,0.0
2313.63,80.0,1674.74867933967,0.0
2317.32,82.0,1677.4197298649324,4.10318633005412e-18
2321.01,68.0,1680.090780390195,0.0
2324.7,75.0,1682.761830915458,0.0
2328.39,78.0,1685.4328814407204,0.0
2332.08,81.0,1688.103931965983,6.265281837840711e-19
2335.77,81.0,1690.7749824912457,0.0
2339.46,82.0,1693.4460330165082,0.0
2343.15,81.0,1696.117083541771,0.0
2346.84,87.0,1698.7881340670338,7.57454894312399e-18
2350.53,83.0,1701.4591845922962,0.0
2354.22,79.0,1704.1302351175589,0.0
2357.91,82.0,1706.8012856428215,0.0
2361.6,82.0,1709.472336168084,0.0
2365.29,85.0,1712.1433866933469,0.0
2368.98,76.0,1714.8144372186093,0.0
2372.67,79.0,1717.485487743872,0.0
2376.36,76.0,1720.1565382691347,6.93093686384934e-18
2380.05,79.0,1722.8275887943971,0.0
2383.74,86.0,1725.49863931966,0.0
2387.43,76.0,1728.1696898449227,0.0
2391.12,80.0,1730.8407403701851,6.781808626811727e-19
2394.81,86.0,1733.5117908954478,0.0
2398.5,84.0,1736.1828414207105,0.0
2402.19,84.0,1738.853891945973,0.0
2405.88,89.0,1741.5249424712358,2.3810572007709652e-17
2409.57,78.0,1744.1959929964983,0.0
2413.26,85.0,1746.867043521761,0.0
2416.95,77.0,1749.5380940470236,0.0
2420.64,79.0,1752.209144572286,0.0
2424.33,79.0,1754.880195097549,0.0
2428.02,83.0,1757.5512456228116,0.0
2431.71,79.0,1760.222296148074,0.0
2435.4,78.0,1762.8933466733367,4.328746550455781e-17
2439.09,84.0,1765.5643971985994,0.0
2442.78,81.0,1768.2354477238619,0.0
2446.47,85.0,1770.9064982491248,0.0
2450.16,80.0,1773.5775487743874,1.1267466052698268e-18
2453.85,86.0,1776.2485992996499,0.0
2457.54,86.0,1778.9196498249125,0.0
2461.23,76.0,1781.590700350175,0.0
2464.92,79.0,1784.2617508754379,1.0223388967285283e-17
2468.61,84.0,1786.9328014007006,0.0
2472.3,91.0,1789.603851925963,0.0
2475.99,85.0,1792.2749024512257,0.0
2479.68,83.0,1794.9459529764883,0.0
2483.37,74.0,1797.6170035017508,0.0
2487.06,82.0,1800.2880540270137,0.0
2490.75,80.0,1802.9591045522764,0.0
2494.44,85.0,1805.6301550775388,1.8578247180219226e-17
2498.13,86.0,1808.3012056028015,0.0
2501.82,84.0,1810.972256128064,0.0
2505.51,82.0,1813.6433066533268,0.0
2509.2,82.0,1816.3143571785895,0.0
2512.89,87.0,1818.985407703852,0.0
2516.58,87.0,1821.6564582291146,0.0
2520.27,87.0,1824.3275087543773,0.0
2523.96,80.0,1826.9985592796397,8.566854679340646e-18
2527.65,84.0,1829.6696098049026,0.0
2531.34,75.0,1832.3406603301653,0.0
2535.03,84.0,1835.0117108554277,0.0
2538.72,96.0,1837.6827613806904,0.0
2542.41,98.0,1840.3538119059529,0.0
2546.1,90.0,1843.0248624312158,0.0
2549.79,82.0,1845.6959129564784,0.0
2553.48,79.0,1848.3669634817409,1.5040811375116199e-18
2557.17,84.0,1851.0380140070035,0.0
2560.86,93.0,1853.7090645322664,0.0
2564.55,90.0,1856.3801150575287,0.0
2568.24,84.0,1859.0511655827916,1.3530558997659061e-18
2571.93,75.0,1861.7222161080542,0.0
2575.62,77.0,1864.3932666333167,0.0
2579.31,92.0,1867.0643171585793,0.0
2583.0,99.0,1869.7353676838422,4.235164736271502e-16
2586.69,115.0,1872.4064182091047,0.0
2590.38,103.0,1875.0774687343674,0.0
2594.07,85.0,1877.7485192596298,0.0
2597.76,92.0,1880.4195697848925,0.0
2601.45,109.0,1883.0906203101554,0.0
2605.14,142.0,1885.7616708354178,0.0
2608.83,146.0,1888.4327213606805,0.0
2612.52,125.0,1891.1037718859432,6.425966749893572e-19
2616.21,93.0,1893.7748224112056,0.0
2619.9,96.0,1896.4458729364683,0.0
2623.59,136.0,1899.1169234617312,0.0
2627.28,221.0,1901.7879739869936,9.789489915126634e-19
2630.97,247.0,1904.4590245122563,0.0
2634.66,203.0,1907.1300750375187,0.0
2638.35,122.0,1909.8011255627814,0.0
2642.04,140.0,1912.4721760880443,4.118368682649847e-18
2645.73,450.0,1915.1432266133068,0.0
2649.42,1105.0,1917.8142771385694,0.0
2653.11,2038.0,1920.485327663832,0.0
2656.8,3141.0,1923.1563781890945,0.0
2660.49,3719.0,1925.8274287143572,0.0
2664.18,3856.0,1928.49847923962,0.0
2667.87,3368.0,1931.1695297648826,0.0
2671.56,2466.0,1933.8405802901452,3.135081887805712e-17
2675.25,1368.0,1936.511630815408,0.0
2678.94,574.0,1939.1826813406703,0.0
2682.63,166.0,1941.8537318659332,0.0
2686.32,106.0,1944.5247823911957,1.089343126117859e-18
2690.01,193.0,1947.1958329164584,0.0
2693.7,267.0,1949.866883441721,0.0
2697.39,245.0,1952.5379339669835,0.0
2701.08,166.0,1955.2089844922461,7.438026198476998e-18
2704.77,92.0,1957.880035017509,0.0
2708.46,82.0,1960.5510855427715,0.0
2712.15,111.0,1963.2221360680342,0.0
2715.84,145.0,1965.8931865932968,0.0
2719.53,151.0,1968.5642371185593,0.0
2723.22,124.0,1971.2352876438222,0.0
2726.91,93.0,1973.9063381690846,0.0
2730.6,76.0,1976.5773886943473,1.0207993351672783e-16
2734.29,88.0,1979.24843921961,0.0
2737.98,110.0,1981.9194897448724,0.0
2741.67,110.0,1984.590540270135,0.0
2745.36,95.0,1987.261590795398,1.8657545738274e-18
2749.05,86.0,1989.9326413206604,0.0
2752.74,80.0,1992.603691845923,0.0
2756.43,90.0,1995.2747423711858,0.0
2760.12,89.0,1997.9457928964482,2.8592121071298344e-18
2763.81,100.0,2000.616843421711,0.0
2767.5,96.0,2003.2878939469736,0.0
2771.19,81.0,2005.9589444722362,0.0
2774.88,76.0,2008.629994997499,0.0
2778.57,89.0,2011.3010455227613,0.0
2782.26,99.0,2013.972096048024,0.0
2785.95,96.0,2016.643146573287,0.0
2789.64,90.0,2019.3141970985494,1.9638462563709544e-18
2793.33,79.0,2021.985247623812,0.0
2797.02,76.0,2024.6562981490747,0.0
2800.71,87.0,2027.3273486743371,0.0
2804.4,94.0,2029.9983991996,0.0
2808.09,91.0,2032.6694497248627,0.0
2811.78,84.0,2035.3405002501252,0.0
2815.47,81.0,2038.0115507753878,0.0
2819.16,82.0,2040.6826013006503,1.8517953024436937e-18
2822.85,80.0,2043.353651825913,0.0
2826.54,79.0,2046.0247023511758,0.0
2830.23,86.0,2048.6957528764383,0.0
2833.92,86.0,2051.366803401701,0.0
2837.61,77.0,2054.0378539269636,0.0
2841.3,80.0,2056.7089044522263,0.0
2844.99,78.0,2059.379954977489,0.0
2848.68,81.0,2062.0510055027517,3.782375304844483e-18
2852.37,83.0,2064.722056028014,0.0
2856.06,78.0,2067.393106553277,0.0
2859.75,77.0,2070.064157078539,0.0
2863.44,84.0,2072.735207603802,2.406018636963312e-18
2867.13,80.0,2075.4062581290646,0.0
2870.82,84.0,2078.077308654327,0.0
2874.51,84.0,2080.74835917959,0.0
2878.2,86.0,2083.4194097048526,3.9860746807212366e-17
2881.89,77.0,2086.0904602301152,0.0
2885.58,77.0,2088.761510755378,0.0
2889.27,84.0,2091.4325612806406,0.0
2892.96,87.0,2094.103611805903,0.0
2896.65,87.0,2096.774662331166,0.0
2900.34,84.0,2099.4457128564286,0.0
2904.03,84.0,2102.116763381691,0.0
2907.72,82.0,2104.7878139069535,2.126979449465407e-18
2911.41,73.0,2107.458864432216,0.0
2915.1,82.0,2110.129914957479,0.0
2918.79,84.0,2112.8009654827415,0.0
2922.48,84.0,2115.472016008004,1.815915102626579e-18
2926.17,85.0,2118.143066533267,0.0
2929.86,75.0,2120.8141170585295,0.0
2933.55,81.0,2123.4851675837917,0.0
2937.24,87.0,2126.156218109055,3.368577968490205e-17
2940.93,84.0,2128.8272686343175,0.0
2944.62,82.0,2131.4983191595798,0.0
2948.31,81.0,2134.1693696848424,0.0
2952.0,79.0,2136.840420210105,0.0
2955.69,83.0,2139.5114707353678,0.0
2959.38,75.0,2142.1825212606304,0.0
2963.07,74.0,2144.853571785893,0.0
2966.76,77.0,2147.524622311156,2.978438700610078e-19
2970.45,78.0,2150.1956728364185,0.0
2974.14,78.0,2152.8667233616807,0.0
2977.83,77.0,2155.537773886944,0.0
2981.52,75.0,2158.2088244122065,2.1199153008087807e-18
2985.21,80.0,2160.8798749374687,0.0
2988.9,77.0,2163.5509254627314,0.0
2992.59,77.0,2166.221975987994,0.0
2996.28,79.0,2168.8930265132567,5.132854132095446e-18
2999.97,78.0,2171.5640770385194,0.0
3003.66,82.0,2174.235127563782,0.0
3007.35,85.0,2176.9061780890447,0.0
3011.04,78.0,2179.5772286143074,0.0
3014.73,77.0,2182.2482791395696,0.0
3018.42,74.0,2184.9193296648327,0.0
3022.11,80.0,2187.5903801900954,0.0
3025.8,81.0,2190.2614307153576,3.025478236930246e-17
3029.49,82.0,2192.9324812406203,0.0
3033.18,85.0,2195.6035317658834,0.0
3036.87,74.0,2198.2745822911456,0.0
3040.56,74.0,2200.9456328164083,3.8358830782973094e-18
3044.25,83.0,2203.616683341671,0.0
3047.94,82.0,2206.2877338669336,0.0
3051.63,70.0,2208.9587843921963,0.0
3055.32,82.0,2211.6298349174585,2.8246251077411645e-19
3059.01,80.0,2214.3008854427217,0.0
3062.7,82.0,2216.9719359679843,0.0
3066.39,80.0,2219.6429864932466,0.0
3070.08,75.0,2222.314037018509,0.0
3073.77,79.0,2224.9850875437724,0.0
3077.46,80.0,2227.6561380690346,0.0
3081.15,85.0,2230.3271885942972,0.0
3084.84,80.0,2232.99823911956,3.3579856591599997e-17
3088.53,78.0,2235.6692896448226,0.0
3092.22,82.0,2238.3403401700853,0.0
3095.91,88.0,2241.0113906953475,0.0
3099.6,81.0,2243.6824412206106,0.0
3103.29,81.0,2246.3534917458733,0.0
3106.98,73.0,2249.0245422711355,0.0
3110.67,79.0,2251.695592796398,0.0
3114.36,74.0,2254.3666433216613,3.3680862263165883e-18
3118.05,81.0,2257.0376938469235,0.0
3121.74,79.0,2259.708744372186,0.0
3125.43,80.0,2262.379794897449,0.0
3129.12,76.0,2265.0508454227115,0.0
3132.81,83.0,2267.721895947974,0.0
3136.5,85.0,2270.3929464732364,0.0
3140.19,77.0,2273.0639969984995,0.0
3143.88,77.0,2275.735047523762,1.4269388110447191e-18
3147.57,79.0,2278.4060980490244,0.0
3151.26,79.0,2281.077148574287,0.0
3154.95,75.0,2283.74819909955,0.0
3158.64,81.0,2286.4192496248124,5.681884539268726e-18
3162.33,81.0,2289.090300150075,0.0
3166.02,79.0,2291.761350675338,0.0
3169.71,74.0,2294.4324012006005,0.0
3173.4,79.0,2297.103451725863,2.6717008051498155e-17
3177.09,73.0,2299.7745022511253,0.0
3180.78,81.0,2302.4455527763885,0.0
3184.47,75.0,2305.116603301651,0.0
3188.16,77.0,2307.7876538269134,0.0
3191.85,79.0,2310.458704352176,0.0
3195.54,82.0,2313.129754877439,0.0
3199.23,83.0,2315.8008054027014,0.0
3202.92,87.0,2318.471855927964,5.0306477333519205e-18
3206.61,81.0,2321.1429064532267,0.0
3210.3,77.0,2323.8139569784894,0.0
3213.99,71.0,2326.485007503752,0.0
3217.68,80.0,2329.1560580290143,4.689790775239988e-18
3221.37,78.0,2331.8271085542774,0.0
3225.06,80.0,2334.49815907954,0.0
3228.75,76.0,2337.1692096048023,0.0
3232.44,74.0,2339.840260130065,1.0472251630361666e-17
3236.13,78.0,2342.511310655328,0.0
3239.82,83.0,2345.1823611805903,0.0
3243.51,81.0,2347.853411705853,0.0
3247.2,75.0,2350.5244622311156,0.0
3250.89,76.0,2353.1955127563783,0.0
3254.58,79.0,2355.866563281641,0.0
3258.27,81.0,2358.5376138069037,0.0
3261.96,77.0,2361.2086643321663,2.562293263783567e-17
3265.65,76.0,2363.879714857429,0.0
3269.34,81.0,2366.550765382691,0.0
3273.03,87.0,2369.221815907954,0.0
3276.72,81.0,2371.892866433217,6.1060796723254416e-18
3280.41,75.0,2374.5639169584792,0.0
3284.1,91.0,2377.234967483742,0.0
3287.79,82.0,2379.9060180090046,0.0
3291.48,82.0,2382.5770685342673,2.647913950185703e-17
3295.17,74.0,2385.24811905953,0.0
3298.86,75.0,2387.9191695847926,0.0
3302.55,83.0,2390.5902201100553,0.0
3306.24,69.0,2393.261270635318,0.0
3309.93,81.0,2395.93232116058,0.0
3313.62,89.0,2398.603371685843,0.0
3317.31,80.0,2401.274422211106,0.0
3321.0,79.0,2403.945472736368,4.235164736271502e-16
3324.69,79.0,2406.616523261631,0.0
3328.38,78.0,2409.2875737868935,0.0
3332.07,85.0,2411.958624312156,0.0
3335.76,78.0,2414.629674837419,1.2663387189700531e-17
3339.45,85.0,2417.3007253626815,0.0
3343.14,82.0,2419.971775887944,0.0
3346.83,79.0,2422.642826413207,0.0
3350.52,81.0,2425.3138769384695,3.788421951444287e-17
3354.21,78.0,2427.9849274637318,0.0
3357.9,82.0,2430.655977988995,0.0
3361.59,77.0,2433.327028514257,0.0
3365.28,85.0,2435.99807903952,0.0
3368.97,76.0,2438.6691295647825,0.0
3372.66,80.0,2441.340180090045,0.0
3376.35,69.0,2444.011230615308,0.0
3380.04,78.0,2446.6822811405705,8.254778549829283e-18
3383.73,76.0,2449.353331665833,0.0
3387.42,77.0,2452.024382191096,0.0
3391.11,84.0,2454.6954327163585,0.0
3394.8,83.0,2457.3664832416207,0.0
3398.49,82.0,2460.037533766884,0.0
3402.18,78.0,2462.708584292146,0.0
3405.87,82.0,2465.3796348174087,0.0
3409.56,80.0,2468.0506853426714,2.986756507940327e-18
3413.25,80.0,2470.721735867934,0.0
3416.94,82.0,2473.3927863931967,0.0
3420.63,80.0,2476.0638369184594,0.0
3424.32,78.0,2478.734887443722,0.0
3428.01,83.0,2481.4059379689847,0.0
3431.7,80.0,2484.0769884942474,0.0
3435.39,83.0,2486.7480390195096,0.0
3439.08,78.0,2489.4190895447728,9.759201484892175e-18
3442.77,77.0,2492.090140070035,0.0
3446.46,85.0,2494.7611905952976,0.0
3450.15,85.0,2497.4322411205603,0.0
3453.84,79.0,2500.103291645823,2.837275910361283e-17
3457.53,82.0,2502.7743421710857,0.0
3461.22,86.0,2505.4453926963483,0.0
3464.91,82.0,2508.116443221611,0.0
3468.6,81.0,2510.7874937468737,5.625069881446931e-16
3472.29,76.0,2513.4585442721364,0.0
3475.98,83.0,2516.1295947973986,0.0
3479.67,71.0,2518.8006453226617,0.0
3483.36,83.0,2521.4716958479244,0.0
3487.05,80.0,2524.1427463731866,0.0
3490.74,82.0,2526.8137968984493,0.0
3494.43,75.0,2529.484847423712,0.0
3498.12,84.0,2532.1558979489746,3.711433978616113e-18
3501.81,78.0,2534.8269484742373,0.0
3505.5,85.0,2537.4979989995,0.0
3509.19,82.0,2540.1690495247626,0.0
3512.88,84.0,2542.8401000500253,3.296506271156186e-17
3516.57,82.0,2545.5111505752875,0.0
3520.26,84.0,2548.1822011005506,0.0
3523.95,81.0,2550.8532516258133,0.0
3527.64,79.0,2553.5243021510755,7.394913406746225e-18
3531.33,79.0,2556.195352676338,0.0
3535.02,80.0,2558.866403201601,0.0
3538.71,89.0,2561.5374537268635,0.0
3542.4,81.0,2564.208504252126,0.0
3546.09,84.0,2566.879554777389,0.0
3549.78,74.0,2569.5506053026515,0.0
3553.47,74.0,2572.221655827914,0.0
3557.16,82.0,2574.8927063531764,1.731842431331441e-18
3560.85,85.0,2577.5637568784396,0.0
3564.54,81.0,2580.2348074037022,0.0
3568.23,83.0,2582.9058579289645,0.0
3571.92,82.0,2585.576908454227,7.409332631857604e-17
3575.61,83.0,2588.2479589794902,0.0
3579.3,85.0,2590.9190095047525,0.0
3582.99,82.0,2593.590060030015,0.0
3586.68,75.0,2596.261110555278,2.1124115237510886e-18
3590.37,74.0,2598.9321610805405,0.0
3594.06,81.0,2601.603211605803,0.0
3597.75,80.0,2604.2742621310654,0.0
3601.44,80.0,2606.9453126563285,0.0
3605.13,79.0,2609.616363181591,0.0
3608.82,79.0,2612.2874137068534,0.0
3612.51,84.0,2614.958464232116,0.0
3616.2,87.0,2617.629514757379,7.279625040237773e-17
3619.89,87.0,2620.3005652826414,0.0
3623.58,82.0,2622.971615807904,0.0
3627.27,89.0,2625.6426663331667,0.0
3630.96,83.0,2628.3137168584294,4.525321525608497e-16
3634.65,78.0,2630.984767383692,0.0
3638.34,78.0,2633.6558179089543,0.0
3642.03,82.0,2636.3268684342174,0.0
3645.72,94.0,2638.99791895948,2.2416945998106035e-18
3649.41,94.0,2641.6689694847423,0.0
3653.1,81.0,2644.340020010005,0.0
3656.79,83.0,2647.011070535268,0.0
3660.48,87.0,2649.6821210605303,0.0
3664.17,79.0,2652.353171585793,0.0
3667.86,86.0,2655.0242221110557,0.0
3671.55,89.0,2657.6952726363184,0.0
3675.24,95.0,2660.366323161581,1.008101225825239e-18
3678.93,80.0,2663.0373736868432,0.0
3682.62,79.0,2665.7084242121064,0.0
3686.31,83.0,2668.379474737369,0.0
3690.0,94.0,2671.0505252626317,2.601e+17
3693.69,92.0,2673.721575787894,0.0
3697.38,92.0,2676.3926263131566,0.0
3701.07,82.0,2679.0636768384197,0.0
3704.76,80.0,2681.734727363682,2.0679515313825692e-19
3708.45,102.0,2684.4057778889446,0.0
3712.14,116.0,2687.0768284142073,0.0
3715.83,122.0,2689.74787893947,0.0
3719.52,107.0,2692.418929464732,0.0
3723.21,89.0,2695.0899799899953,0.0
3726.9,88.0,2697.761030515258,0.0
3730.59,105.0,2700.43208104052,0.0
3734.28,149.0,2703.103131565783,1.1502980393315541e-18
3737.97,160.0,2705.774182091046,0.0
3741.66,130.0,2708.445232616308,0.0
3745.35,105.0,2711.116283141571,0.0
3749.04,128.0,2713.7873336668335,4.525321525608497e-16
3752.73,300.0,2716.458384192096,0.0
3756.42,629.0,2719.1294347173584,0.0
3760.11,1061.0,2721.8004852426216,0.0
3763.8,1503.0,2724.4715357678842,1.3234889800848443e-17
3767.49,1674.0,2727.1425862931465,0.0
3771.18,1649.0,2729.8136368184096,0.0
3774.87,1426.0,2732.484687343672,0.0
3778.56,959.0,2735.1557378689345,0.0
3782.25,521.0,2737.8267883941976,0.0
3785.94,255.0,2740.49783891946,0.0
3789.63,112.0,2743.1688894447225,0.0
3793.32,97.0,2745.839939969985,3.2157281372288544e-17
3797.01,131.0,2748.510990495248,0.0
3800.7,155.0,2751.18204102051,0.0
3804.39,153.0,2753.853091545773,0.0
3808.08,113.0,2756.524142071036,7.409332631857607e-17
3811.77,81.0,2759.195192596298,0.0
3815.46,86.0,2761.866243121561,0.0
3819.15,94.0,2764.537293646824,0.0
3822.84,98.0,2767.208344172086,4.347337879914304e-18
3826.53,100.0,2769.8793946973487,0.0
3830.22,84.0,2772.5504452226114,0.0
3833.91,85.0,2775.221495747874,0.0
3837.6,79.0,2777.8925462731363,0.0
3841.29,88.0,2780.5635967983994,0.0
3844.98,84.0,2783.234647323662,0.0
3848.67,86.0,2785.9056978489243,0.0
3852.36,84.0,2788.5767483741874,1.6752031129180188e-18
3856.05,85.0,2791.2477988994497,0.0
3859.74,71.0,2793.9188494247123,0.0
3863.43,76.0,2796.5898999499755,0.0
3867.12,91.0,2799.2609504752377,3.296506271156186e-17
3870.81,86.0,2801.9320010005003,0.0
3874.5,84.0,2804.603051525763,0.0
3878.19,79.0,2807.2741020510257,0.0
3881.88,85.0,2809.945152576288,4.009981318248889e-18
3885.57,82.0,2812.616203101551,0.0
3889.26,76.0,2815.2872536268137,0.0
3892.95,90.0,2817.958304152076,0.0
3896.64,75.0,2820.629354677339,0.0
3900.33,81.0,2823.3004052026017,0.0
3904.02,80.0,2825.971455727864,0.0
3907.71,79.0,2828.642506253127,0.0
3911.4,81.0,2831.3135567783893,4.3840572465310467e-17
3915.09,79.0,2833.984607303652,0.0
3918.78,85.0,2836.655657828914,0.0
3922.47,80.0,2839.3267083541773,0.0
3926.16,76.0,2841.99775887944,2.837275910361281e-17
3929.85,81.0,2844.668809404702,0.0
3933.54,88.0,2847.3398599299653,0.0
3937.23,85.0,2850.0109104552275,0.0
3940.92,82.0,2852.68196098049,1.7605512558905644e-17
3944.61,82.0,2855.3530115057533,0.0
3948.3,81.0,2858.0240620310155,0.0
3951.99,83.0,2860.695112556278,0.0
3955.68,80.0,2863.3661630815413,0.0
3959.37,81.0,2866.0372136068036,0.0
3963.06,84.0,2868.708264132066,0.0
3966.75,81.0,2871.379314657329,0.0
3970.44,78.0,2874.0503651825916,5.493406420822281e-18
3974.13,79.0,2876.721415707854,0.0
3977.82,83.0,2879.392466233117,0.0
3981.51,80.0,2882.0635167583796,0.0
3985.2,83.0,2884.734567283642,0.0
3988.89,75.0,2887.405617808905,0.0
3992.58,81.0,2890.076668334167,0.0
3996.27,80.0,2892.74771885943,0.0
3999.96,84.0,2895.418769384693,2.4295766946844335e-18
4003.65,78.0,2898.089819909955,0.0
4007.34,81.0,2900.760870435218,0.0
4011.03,83.0,2903.43192096048,0.0
4014.72,79.0,2906.102971485743,0.0
4018.41,79.0,2908.7740220110054,0.0
4022.1,81.0,2911.445072536268,0.0
4025.79,77.0,2914.116123061531,0.0
4029.48,75.0,2916.7871735867934,1.9402370328329147e-18
4033.17,80.0,2919.458224112056,0.0
4036.86,77.0,2922.129274637319,0.0
4040.55,85.0,2924.8003251625814,0.0
4044.24,80.0,2927.471375687844,1.2663387189700531e-17
4047.93,75.0,2930.142426213107,0.0
4051.62,78.0,2932.8134767383694,0.0
4055.31,79.0,2935.4845272636317,0.0
4059.0,74.0,2938.155577788895,2.1175823681357508e-16
4062.69,75.0,2940.8266283141575,0.0
4066.38,81.0,2943.4976788394197,0.0
4070.07,79.0,2946.168729364683,0.0
4073.76,72.0,2948.839779889945,0.0
4077.45,80.0,2951.5108304152077,0.0
4081.14,77.0,2954.181880940471,0.0
4084.83,84.0,2956.852931465733,0.0
4088.52,81.0,2959.5239819909957,5.3730597686935486e-18
4092.21,75.0,2962.1950325162584,0.0
4095.9,84.0,2964.866083041521,0.0
4099.59,79.0,2967.5371335667833,0.0
4103.28,80.0,2970.208184092046,6.106079672325443e-18
4106.97,80.0,2972.879234617309,0.0
4110.66,74.0,2975.5502851425713,0.0
4114.35,82.0,2978.221335667834,0.0
4118.04,83.0,2980.892386193097,6.211048524627497e-19
4121.73,78.0,2983.5634367183593,0.0
4125.42,80.0,2986.234487243622,0.0
4129.11,82.0,2988.9055377688846,0.0
4132.8,79.0,2991.5765882941473,0.0
4136.49,84.0,2994.2476388194095,0.0
4140.18,71.0,2996.9186893446727,0.0
4143.87,82.0,2999.5897398699353,0.0
4147.56,86.0,3002.2607903951975,3.323392626121169e-17
4151.25,73.0,3004.9318409204607,0.0
4154.94,76.0,3007.602891445723,0.0
4158.63,79.0,3010.2739419709856,0.0
4162.32,77.0,3012.9449924962487,4.689790775239984e-18
4166.01,79.0,3015.616043021511,0.0
4169.7,79.0,3018.2870935467736,0.0
4173.39,78.0,3020.9581440720362,0.0
4177.08,75.0,3023.629194597299,6.416741998372962e-18
4180.77,84.0,3026.300245122561,0.0
4184.46,79.0,3028.971295647824,0.0
4188.15,75.0,3031.642346173087,0.0
4191.84,84.0,3034.313396698349,0.0
4195.53,76.0,3036.984447223612,0.0
4199.22,87.0,3039.655497748875,0.0
4202.91,81.0,3042.326548274137,0.0
4206.6,81.0,3044.9975987994,4.586527551231741e-17
4210.29,80.0,3047.6686493246625,0.0
4213.98,75.0,3050.339699849925,0.0
4217.67,81.0,3053.0107503751874,0.0
4221.36,82.0,3055.6818009004505,5.681884539268722e-18
4225.05,83.0,3058.352851425713,0.0
4228.74,81.0,3061.0239019509754,0.0
4232.43,76.0,3063.6949524762385,0.0
4236.12,77.0,3066.3660030015008,1.939031460876384e-17
4239.81,79.0,3069.0370535267634,0.0
4243.5,80.0,3071.7081040520266,0.0
4247.19,75.0,3074.379154577289,0.0
4250.88,78.0,3077.0502051025514,0.0
4254.57,80.0,3079.721255627814,0.0
4258.26,83.0,3082.392306153077,0.0
4261.95,71.0,3085.063356678339,0.0
4265.64,81.0,3087.734407203602,1.6022586369928304e-17
4269.33,83.0,3090.405457728865,0.0
4273.02,76.0,3093.076508254127,0.0
4276.71,77.0,3095.7475587793897,0.0
4280.4,77.0,3098.418609304653,0.0
4284.09,80.0,3101.089659829915,0.0
4287.78,82.0,3103.7607103551777,0.0
4291.47,81.0,3106.4317608804404,0.0
4295.16,79.0,3109.102811405703,2.736218767637182e-17
4298.85,78.0,3111.7738619309653,0.0
4302.54,79.0,3114.4449124562284,0.0
4306.23,77.0,3117.115962981491,0.0
4309.92,82.0,3119.7870135067533,0.0
4313.61,81.0,3122.4580640320164,0.0
4317.3,73.0,3125.1291145572786,0.0
4320.99,82.0,3127.8001650825413,0.0
4324.68,78.0,3130.4712156078044,5.087896712755924e-18
4328.37,81.0,3133.1422661330666,0.0
4332.06,74.0,3135.8133166583293,0.0
4335.75,82.0,3138.484367183592,0.0
4339.44,73.0,3141.1554177088547,3.8358830782973094e-18
4343.13,74.0,3143.826468234117,0.0
4346.82,79.0,3146.49751875938,0.0
4350.51,78.0,3149.1685692846427,0.0
4354.2,81.0,3151.839619809905,6.371996086328253e-17
4357.89,78.0,3154.510670335168,0.0
4361.58,79.0,3157.1817208604307,0.0
4365.27,80.0,3159.852771385693,0.0
4368.96,88.0,3162.5238219109556,0.0
4372.65,81.0,3165.1948724362182,0.0
4376.34,79.0,3167.865922961481,0.0
4380.03,81.0,3170.536973486743,0.0
4383.72,82.0,3173.2080240120063,1.2756071171012376e-17
4387.41,77.0,3175.879074537269,0.0
4391.1,83.0,3178.550125062531,0.0
4394.79,78.0,3181.2211755877943,0.0
4398.48,78.0,3183.8922261130565,2.1199153008087814e-18
4402.17,71.0,3186.563276638319,0.0
4405.86,77.0,3189.2343271635823,0.0
4409.55,79.0,3191.9053776888445,0.0
4413.24,75.0,3194.576428214107,1.7055149036393574e-17
4416.93,77.0,3197.24747873937,0.0
4420.62,80.0,3199.9185292646325,0.0
4424.31,78.0,3202.5895797898947,0.0
4428.0,74.0,3205.260630315158,0.0
4431.69,81.0,3207.9316808404205,0.0
4435.38,74.0,3210.6027313656828,0.0
4439.07,82.0,3213.273781890946,0.0
4442.76,72.0,3215.9448324162086,1.3440498832685213e-17
4446.45,73.0,3218.6158829414708,0.0
4450.14,75.0,3221.286933466734,0.0
4453.83,76.0,3223.957983991996,0.0
4457.52,74.0,3226.629034517259,1.815915102626578e-18
4461.21,81.0,3229.300085042521,0.0
4464.9,77.0,3231.971135567784,0.0
4468.59,75.0,3234.642186093047,0.0
4472.28,79.0,3237.313236618309,6.7032743509644756e-18
4475.97,86.0,3239.984287143572,0.0
4479.66,82.0,3242.6553376688344,0.0
4483.35,73.0,3245.326388194097,0.0
4487.04,75.0,3247.99743871936,0.0
4490.73,82.0,3250.6684892446224,0.0
4494.42,76.0,3253.339539769885,0.0
4498.11,77.0,3256.010590295148,0.0
4501.8,78.0,3258.6816408204104,5.284837171335613e-16
4505.49,77.0,3261.3526913456726,0.0
4509.18,88.0,3264.0237418709357,0.0
4512.87,86.0,3266.6947923961984,0.0
4516.56,76.0,3269.3658429214606,2.406018636963312e-18
4520.25,76.0,3272.0368934467238,0.0
4523.94,77.0,3274.7079439719864,0.0
4527.63,79.0,3277.3789944972486,0.0
4531.32,79.0,3280.0500450225118,1.9785087459350337e-17
4535.01,77.0,3282.721095547774,0.0
4538.7,78.0,3285.3921460730367,0.0
4542.39,81.0,3288.0631965983,0.0
4546.08,85.0,3290.734247123562,0.0
4549.77,80.0,3293.4052976488247,0.0
4553.46,79.0,3296.076348174087,0.0
4557.15,81.0,3298.74739869935,0.0
4560.84,74.0,3301.4184492246122,2.3860737898708834e-17
4564.53,83.0,3304.089499749875,0.0
4568.22,79.0,3306.760550275138,0.0
4571.91,82.0,3309.4316008004002,0.0
4575.6,79.0,3312.102651325663,0.0
4579.29,80.0,3314.773701850926,0.0
4582.98,81.0,3317.4447523761883,0.0
4586.67,79.0,3320.1158029014505,0.0
4590.36,83.0,3322.7868534267136,1.4965601685373819e-18
4594.05,75.0,3325.4579039519763,0.0
4597.74,71.0,3328.1289544772385,0.0
4601.43,78.0,3330.8000050025016,0.0
4605.12,78.0,3333.4710555277643,0.0
4608.81,77.0,3336.1421060530265,0.0
4612.5,80.0,3338.8131565782896,0.0
4616.19,86.0,3341.484207103552,0.0
4619.88,72.0,3344.1552576288145,2.729176483624199e-18
4623.57,81.0,3346.8263081540777,0.0
4627.26,83.0,3349.49735867934,0.0
4630.95,82.0,3352.1684092046025,0.0
4634.64,74.0,3354.8394597298648,1.8657545738274005e-18
4638.33,81.0,3357.510510255128,0.0
4642.02,84.0,3360.18156078039,0.0
4645.71,76.0,3362.8526113056528,0.0
4649.4,78.0,3365.523661830916,1.383149818286945e-17
4653.09,86.0,3368.194712356178,0.0
4656.78,81.0,3370.865762881441,0.0
4660.47,83.0,3373.536813406704,0.0
4664.16,80.0,3376.207863931966,0.0
4667.85,74.0,3378.878914457229,0.0
4671.54,78.0,3381.5499649824915,0.0
4675.23,71.0,3384.221015507754,0.0
4678.92,79.0,3386.8920660330164,3.017236054046122e-17
4682.61,81.0,3389.5631165582795,0.0
4686.3,74.0,3392.234167083542,0.0
4689.99,77.0,3394.9052176088044,0.0
4693.68,77.0,3397.5762681340675,1.089343126117859e-18
4697.37,82.0,3400.2473186593297,0.0
4701.06,89.0,3402.9183691845924,0.0
4704.75,79.0,3405.5894197098555,0.0
4708.44,73.0,3408.2604702351177,4.675044356502355e-18
4712.13,76.0,3410.9315207603804,0.0
4715.82,87.0,3413.602571285643,0.0
4719.51,75.0,3416.2736218109058,0.0
4723.2,82.0,3418.944672336168,0.0
4726.89,77.0,3421.6157228614306,0.0
4730.58,83.0,3424.2867733866938,0.0
4734.27,82.0,3426.957823911956,0.0
4737.96,77.0,3429.6288744372187,5.2162686847899056e-17
4741.65,84.0,3432.299924962482,0.0
4745.34,78.0,3434.970975487744,0.0
4749.03,79.0,3437.6420260130067,0.0
4752.72,73.0,3440.3130765382693,9.789489915126634e-19
4756.41,86.0,3442.984127063532,0.0
4760.1,79.0,3445.6551775887942,0.0
4763.79,84.0,3448.3262281140574,0.0
4767.48,75.0,3450.99727863932,3.421159264823464e-19
4771.17,75.0,3453.6683291645822,0.0
4774.86,88.0,3456.3393796898454,0.0
4778.55,79.0,3459.0104302151076,0.0
4782.24,83.0,3461.6814807403703,0.0
4785.93,71.0,3464.3525312656334,0.0
4789.62,81.0,3467.0235817908956,0.0
4793.31,85.0,3469.6946323161583,0.0
4797.0,77.0,3472.365682841421,1.0587911840678755e-16
4800.69,81.0,3475.0367333666836,0.0
4804.38,78.0,3477.707783891946,0.0
4808.07,81.0,3480.378834417209,0.0
4811.76,77.0,3483.0498849424716,1.3530558997659067e-18
4815.45,74.0,3485.720935467734,0.0
4819.14,76.0,3488.3919859929965,0.0
4822.83,78.0,3491.0630365182597,0.0
4826.52,77.0,3493.734087043522,6.721970273268653e-17
4830.21,79.0,3496.4051375687845,0.0
4833.9,73.0,3499.076188094047,0.0
4837.59,87.0,3501.74723861931,0.0
4841.28,77.0,3504.418289144572,0.0
4844.97,79.0,3507.089339669835,0.0
4848.66,83.0,3509.760390195098,0.0
4852.35,84.0,3512.43144072036,0.0
4856.04,85.0,3515.1024912456232,1.4926095319366209e-18
4859.73,99.0,3517.7735417708855,0.0
4863.42,102.0,3520.444592296148,0.0
4867.11,104.0,3523.1156428214113,0.0
4870.8,90.0,3525.7866933466735,0.0
4874.49,81.0,3528.457743871936,0.0
4878.18,86.0,3531.128794397199,0.0
4881.87,76.0,3533.7998449224615,0.0
4885.56,76.0,3536.4708954477237,3.03132897795162e-17
4889.25,80.0,3539.141945972987,0.0
4892.94,91.0,3541.8129964982495,0.0
4896.63,83.0,3544.4840470235117,0.0
4900.32,78.0,3547.155097548775,0.0
4904.01,79.0,3549.8261480740375,0.0
4907.7,81.0,3552.4971985992997,0.0
4911.39,80.0,3555.1682491245624,0.0
4915.08,84.0,3557.839299649825,1.537158878523024e-18
4918.77,86.0,3560.5103501750878,0.0
4922.46,80.0,3563.18140070035,0.0
4926.15,74.0,3565.852451225613,0.0
4929.84,75.0,3568.5235017508758,1.1267466052698268e-18
4933.53,71.0,3571.194552276138,0.0
4937.22,78.0,3573.865602801401,0.0
4940.91,78.0,3576.5366533266633,0.0
4944.6,77.0,3579.207703851926,1.1721176718030087e-16
4948.29,81.0,3581.878754377189,0.0
4951.98,81.0,3584.5498049024513,0.0
4955.67,78.0,3587.220855427714,0.0
4959.36,80.0,3589.8919059529767,0.0
4963.05,75.0,3592.5629564782394,0.0
4966.74,84.0,3595.2340070035016,0.0
4970.43,78.0,3597.9050575287647,0.0
4974.12,83.0,3600.5761080540274,6.527045014106972e-19
4977.81,80.0,3603.2471585792896,0.0
4981.5,75.0,3605.9182091045527,0.0
4985.19,82.0,3608.5892596298154,0.0
4988.88,77.0,3611.2603101550776,6.781808626811735e-19
4992.57,77.0,3613.9313606803403,0.0
4996.26,79.0,3616.602411205603,0.0
4999.95,81.0,3619.2734617308656,0.0
5003.64,81.0,3621.944512256128,6.085416616470289e-18
5007.33,76.0,3624.615562781391,0.0
5011.02,74.0,3627.2866133066536,0.0
5014.71,77.0,3629.957663831916,0.0
5018.4,79.0,3632.628714357179,0.0
5022.09,80.0,3635.299764882441,0.0
5025.78,81.0,3637.970815407704,0.0
5029.47,77.0,3640.641865932967,0.0
5033.16,77.0,3643.312916458229,4.6624357914069906e-18
5036.85,82.0,3645.983966983492,0.0
5040.54,79.0,3648.6550175087546,0.0
5044.23,78.0,3651.326068034017,0.0
5047.92,82.0,3653.9971185592794,6.265281837840724e-19
5051.61,81.0,3656.6681690845426,0.0
5055.3,79.0,3659.3392196098052,0.0
5058.99,81.0,3662.0102701350675,0.0
5062.68,82.0,3664.6813206603306,4.111150745046485e-17
5066.37,76.0,3667.3523711855933,0.0
5070.06,80.0,3670.0234217108555,0.0
5073.75,83.0,3672.6944722361186,0.0
5077.44,74.0,3675.365522761381,0.0
5081.13,78.0,3678.0365732866435,0.0
5084.82,81.0,3680.7076238119057,0.0
5088.51,87.0,3683.378674337169,0.0
5092.2,79.0,3686.0497248624315,2.3526103022973913e-17
5095.89,76.0,3688.7207753876937,0.0
5099.58,78.0,3691.391825912957,0.0
5103.27,84.0,3694.062876438219,0.0
5106.96,72.0,3696.7339269634817,8.880955489263973e-19
5110.65,80.0,3699.404977488745,0.0
5114.34,73.0,3702.076028014007,0.0
5118.03,79.0,3704.7470785392698,0.0
5121.72,74.0,3707.418129064533,5.395084538821973e-18
5125.41,83.0,3710.089179589795,0.0
5129.1,80.0,3712.7602301150573,0.0
5132.79,78.0,3715.4312806403204,0.0
5136.48,79.0,3718.102331165583,0.0
5140.17,75.0,3720.7733816908453,0.0
5143.86,85.0,3723.4444322161085,0.0
5147.55,81.0,3726.115482741371,0.0
5151.24,83.0,3728.7865332666333,3.3079372375922456e-19
5154.93,79.0,3731.4575837918965,0.0
5158.62,84.0,3734.1286343171587,0.0
5162.31,83.0,3736.7996848424214,0.0
5166.0,82.0,3739.4707353676845,0.0
5169.69,78.0,3742.1417858929467,0.0
5173.38,81.0,3744.8128364182094,0.0
5177.07,84.0,3747.4838869434716,0.0
5180.76,79.0,3750.1549374687347,1.2387419977536003e-17
5184.45,77.0,3752.825987993997,0.0
5188.14,75.0,3755.4970385192596,0.0
5191.83,77.0,3758.1680890445227,0.0
5195.52,81.0,3760.839139569785,0.0
5199.21,85.0,3763.5101900950476,0.0
5202.9,81.0,3766.1812406203107,0.0
5206.59,76.0,3768.852291145573,0.0
5210.28,78.0,3771.5233416708356,3.104104905712751e-18
5213.97,80.0,3774.1943921960983,0.0
5217.66,77.0,3776.865442721361,0.0
5221.35,79.0,3779.536493246623,0.0
5225.04,85.0,3782.2075437718863,7.732681836445645e-19
5228.73,81.0,3784.878594297149,0.0
5232.42,75.0,3787.549644822411,0.0
5236.11,74.0,3790.2206953476743,0.0
5239.8,79.0,3792.8917458729366,3.43510440187623e-17
5243.49,83.0,3795.562796398199,0.0
5247.18,77.0,3798.2338469234624,0.0
5250.87,79.0,3800.9048974487246,0.0
5254.56,75.0,3803.5759479739872,0.0
5258.25,82.0,3806.24699849925,0.0
5261.94,83.0,3808.9180490245126,0.0
5265.63,75.0,3811.589099549775,0.0
5269.32,77.0,3814.2601500750375,1.8070697970377288e-17
5273.01,79.0,3816.9312006003006,0.0
5276.7,81.0,3819.602251125563,0.0
5280.39,82.0,3822.2733016508255,0.0
5284.08,73.0,3824.9443521760886,4.747453322129254e-19
5287.77,80.0,3827.615402701351,0.0
5291.46,77.0,3830.2864532266135,0.0
5295.15,78.0,3832.957503751876,0.0
5298.84,76.0,3835.628554277139,5.154304059462884e-20
5302.53,78.0,3838.299604802401,0.0
5306.22,82.0,3840.970655327664,0.0
5309.91,76.0,3843.641705852927,0.0
5313.6,76.0,3846.312756378189,0.0
5317.29,77.0,3848.983806903452,0.0
5320.98,76.0,3851.6548574287144,0.0
5324.67,85.0,3854.325907953977,0.0
5328.36,76.0,3856.99695847924,1.034290262383561e-18
5332.05,71.0,3859.6680090045024,0.0
5335.74,81.0,3862.339059529765,0.0
5339.43,76.0,3865.010110055028,0.0
